Data Source,World Development Indicators,,,,,,,,,,,,,,,,,,,,,,,,,,,,,,,,,,,,,,,,,,,,,,,,,,,,,,,,,,,,,,,,,,,
Last Updated Date,7/1/2025,,,,,,,,,,,,,,,,,,,,,,,,,,,,,,,,,,,,,,,,,,,,,,,,,,,,,,,,,,,,,,,,,,,
,,,,,,,,,,,,,,,,,,,,,,,,,,,,,,,,,,,,,,,,,,,,,,,,,,,,,,,,,,,,,,,,,,,,
Country Name,Country Code,Indicator Name,Indicator Code,1960,1961,1962,1963,1964,1965,1966,1967,1968,1969,1970,1971,1972,1973,1974,1975,1976,1977,1978,1979,1980,1981,1982,1983,1984,1985,1986,1987,1988,1989,1990,1991,1992,1993,1994,1995,1996,1997,1998,1999,2000,2001,2002,2003,2004,2005,2006,2007,2008,2009,2010,2011,2012,2013,2014,2015,2016,2017,2018,2019,2020,2021,2022,2023,2024
Aruba,ABW,Terrestrial protected areas (% of total land area),ER.LND.PTLD.ZS,,,,,,,,,,,,,,,,,,,,,,,,,,,,,,,,,,,,,,,,,,,,,,,,,,,,,,0.5,0.5,0.5,0.5,18.9,18.9,18.9,18.9,18.9,18.9,18.9,19.7
Africa Eastern and Southern,AFE,Terrestrial protected areas (% of total land area),ER.LND.PTLD.ZS,,,,,,,,,,,,,,,,,,,,,,,,,,,,,,,,,,,,,,,,,,,,,,,,,,,,,,17.08686961,16.00302965,16.31178929,17.15573342,17.34846455,16.81575674,16.30242311,16.70429384,16.74037802,16.80901789,17.38826561,17.84888724
Afghanistan,AFG,Terrestrial protected areas (% of total land area),ER.LND.PTLD.ZS,,,,,,,,,,,,,,,,,,,,,,,,,,,,,,,,,,,,,,,,,,,,,,,,,,,,,,0.4,0.4,0.4,0.1,0.1,0.1,0.1,3.6,3.6,3.6,3.6,3.6
Africa Western and Central,AFW,Terrestrial protected areas (% of total land area),ER.LND.PTLD.ZS,,,,,,,,,,,,,,,,,,,,,,,,,,,,,,,,,,,,,,,,,,,,,,,,,,,,,,15.16305521,15.15918924,15.14508776,15.4784258,15.68959922,15.69509041,15.71414459,15.76043674,15.86254655,15.8655396,15.8655396,15.64373269
Angola,AGO,Terrestrial protected areas (% of total land area),ER.LND.PTLD.ZS,,,,,,,,,,,,,,,,,,,,,,,,,,,,,,,,,,,,,,,,,,,,,,,,,,,,,,12.4,7,7,7,7,7,7,7,7,7,10.7,10.8
Albania,ALB,Terrestrial protected areas (% of total land area),ER.LND.PTLD.ZS,,,,,,,,,,,,,,,,,,,,,,,,,,,,,,,,,,,,,,,,,,,,,,,,,,,,,,10.1,2.1,2.6,17.2,17.7,17.7,18.6,18.6,18.6,18.6,18.6,23.6
Andorra,AND,Terrestrial protected areas (% of total land area),ER.LND.PTLD.ZS,,,,,,,,,,,,,,,,,,,,,,,,,,,,,,,,,,,,,,,,,,,,,,,,,,,,,,9.2,18.2,21.1,21.1,26.7,26.7,26.7,26.7,26.9,26.9,26.9,27.3
Arab World,ARB,Terrestrial protected areas (% of total land area),ER.LND.PTLD.ZS,,,,,,,,,,,,,,,,,,,,,,,,,,,,,,,,,,,,,,,,,,,,,,,,,,,,,,8.659042834,11.7654446,9.408881828,5.110608991,5.229055746,5.233203494,4.977070237,3.596790718,3.552994438,3.553343142,5.218199326,6.152623355
United Arab Emirates,ARE,Terrestrial protected areas (% of total land area),ER.LND.PTLD.ZS,,,,,,,,,,,,,,,,,,,,,,,,,,,,,,,,,,,,,,,,,,,,,,,,,,,,,,18.6,18.6,18.6,13.1,17.3,18,18,19.4,19.4,19.4,19.4,19.2
Argentina,ARG,Terrestrial protected areas (% of total land area),ER.LND.PTLD.ZS,,,,,,,,,,,,,,,,,,,,,,,,,,,,,,,,,,,,,,,,,,,,,,,,,,,,,,6.8,8.6,8.7,8.9,8.9,8.5,8.5,8.5,8.5,8.7,8.7,8.8
Armenia,ARM,Terrestrial protected areas (% of total land area),ER.LND.PTLD.ZS,,,,,,,,,,,,,,,,,,,,,,,,,,,,,,,,,,,,,,,,,,,,,,,,,,,,,,23.3,23.1,23.1,23.1,23.1,23.1,24.3,24.3,24.3,24.7,24.7,38.9
American Samoa,ASM,Terrestrial protected areas (% of total land area),ER.LND.PTLD.ZS,,,,,,,,,,,,,,,,,,,,,,,,,,,,,,,,,,,,,,,,,,,,,,,,,,,,,,2.9,4,4,15.8,15.8,15.8,15.8,0.8,15.8,15.8,16.7,16.4
Antigua and Barbuda,ATG,Terrestrial protected areas (% of total land area),ER.LND.PTLD.ZS,,,,,,,,,,,,,,,,,,,,,,,,,,,,,,,,,,,,,,,,,,,,,,,,,,,,,,10,19.3,19.3,19.3,18.6,18.6,18.6,21,19.9,19.9,19.9,16.5
Australia,AUS,Terrestrial protected areas (% of total land area),ER.LND.PTLD.ZS,,,,,,,,,,,,,,,,,,,,,,,,,,,,,,,,,,,,,,,,,,,,,,,,,,,,,,12.9,14.6,14.7,17,19.3,19.3,19.4,20.3,20.4,20.4,20.4,22
Austria,AUT,Terrestrial protected areas (% of total land area),ER.LND.PTLD.ZS,,,,,,,,,,,,,,,,,,,,,,,,,,,,,,,,,,,,,,,,,,,,,,,,,,,,,,24,28.3,28.4,27.6,28.4,28.4,28.4,29.1,29.3,29.5,29.5,29.6
Azerbaijan,AZE,Terrestrial protected areas (% of total land area),ER.LND.PTLD.ZS,,,,,,,,,,,,,,,,,,,,,,,,,,,,,,,,,,,,,,,,,,,,,,,,,,,,,,11.8,10.2,10.2,10.2,10.2,10.2,10.2,10.2,10.2,10.2,10.2,22.1
Burundi,BDI,Terrestrial protected areas (% of total land area),ER.LND.PTLD.ZS,,,,,,,,,,,,,,,,,,,,,,,,,,,,,,,,,,,,,,,,,,,,,,,,,,,,,,5,7,7,7.6,7.6,7.6,7.6,7.6,7.6,7.6,7.6,7.6
Belgium,BEL,Terrestrial protected areas (% of total land area),ER.LND.PTLD.ZS,,,,,,,,,,,,,,,,,,,,,,,,,,,,,,,,,,,,,,,,,,,,,,,,,,,,,,22.9,22.8,22.8,23.3,23.3,23.3,24.9,15.4,15.5,15.6,15.6,16.3
Benin,BEN,Terrestrial protected areas (% of total land area),ER.LND.PTLD.ZS,,,,,,,,,,,,,,,,,,,,,,,,,,,,,,,,,,,,,,,,,,,,,,,,,,,,,,29.6,29.6,28.9,29.6,29.6,29.6,29.6,29.6,29.6,29.6,29.6,29.7
Burkina Faso,BFA,Terrestrial protected areas (% of total land area),ER.LND.PTLD.ZS,,,,,,,,,,,,,,,,,,,,,,,,,,,,,,,,,,,,,,,,,,,,,,,,,,,,,,15.8,15.8,15.8,15.1,14.9,14.9,14.9,16.4,16.4,16.4,16.4,16.5
Bangladesh,BGD,Terrestrial protected areas (% of total land area),ER.LND.PTLD.ZS,,,,,,,,,,,,,,,,,,,,,,,,,,,,,,,,,,,,,,,,,,,,,,,,,,,,,,4.7,4.6,4.6,4.6,4.6,4.6,4.6,4.6,4.6,4.6,4.6,4.2
Bulgaria,BGR,Terrestrial protected areas (% of total land area),ER.LND.PTLD.ZS,,,,,,,,,,,,,,,,,,,,,,,,,,,,,,,,,,,,,,,,,,,,,,,,,,,,,,45.2,40.6,40.6,34.7,34.7,34.7,40.6,41,41,41,41,44.3
Bahrain,BHR,Terrestrial protected areas (% of total land area),ER.LND.PTLD.ZS,,,,,,,,,,,,,,,,,,,,,,,,,,,,,,,,,,,,,,,,,,,,,,,,,,,,,,17.8,17.8,6.6,6.6,6.6,6.6,6.6,6.6,6.6,13,13,11.7
"Bahamas, The",BHS,Terrestrial protected areas (% of total land area),ER.LND.PTLD.ZS,,,,,,,,,,,,,,,,,,,,,,,,,,,,,,,,,,,,,,,,,,,,,,,,,,,,,,13.3,13.3,31.2,31.2,36.6,36.6,36.6,36.6,36.6,36.6,36.6,34.6
Bosnia and Herzegovina,BIH,Terrestrial protected areas (% of total land area),ER.LND.PTLD.ZS,,,,,,,,,,,,,,,,,,,,,,,,,,,,,,,,,,,,,,,,,,,,,,,,,,,,,,1.6,1.1,1.5,1.4,1.4,1.4,1.4,3.6,4,4.1,4.1,9.5
Belarus,BLR,Terrestrial protected areas (% of total land area),ER.LND.PTLD.ZS,,,,,,,,,,,,,,,,,,,,,,,,,,,,,,,,,,,,,,,,,,,,,,,,,,,,,,8.3,8.6,8.8,9.5,9.4,9.4,9.4,9.4,13.8,13.8,13.8,9.4
Belize,BLZ,Terrestrial protected areas (% of total land area),ER.LND.PTLD.ZS,,,,,,,,,,,,,,,,,,,,,,,,,,,,,,,,,,,,,,,,,,,,,,,,,,,,,,36.8,37.5,37.5,37.7,37.7,37.7,37.7,37.5,37.5,37.5,37.5,37.3
Bermuda,BMU,Terrestrial protected areas (% of total land area),ER.LND.PTLD.ZS,,,,,,,,,,,,,,,,,,,,,,,,,,,,,,,,,,,,,,,,,,,,,,,,,,,,,,5.8,5.8,5.8,5.8,2.1,2.1,2.1,2.1,2.1,2.1,2.1,2.3
Bolivia,BOL,Terrestrial protected areas (% of total land area),ER.LND.PTLD.ZS,,,,,,,,,,,,,,,,,,,,,,,,,,,,,,,,,,,,,,,,,,,,,,,,,,,,,,21.4,25.3,30.9,30.9,30.9,30.9,30.9,30.9,30.9,30.9,30.9,30.9
Brazil,BRA,Terrestrial protected areas (% of total land area),ER.LND.PTLD.ZS,,,,,,,,,,,,,,,,,,,,,,,,,,,,,,,,,,,,,,,,,,,,,,,,,,,,,,26.4,28.5,28.5,28.9,28.9,29.4,30.3,30.3,30.3,30.3,30.6,30.6
Barbados,BRB,Terrestrial protected areas (% of total land area),ER.LND.PTLD.ZS,,,,,,,,,,,,,,,,,,,,,,,,,,,,,,,,,,,,,,,,,,,,,,,,,,,,,,0.1,0.1,1.3,1.3,1.3,1.3,1.3,1.3,1.3,1.3,1.3,1.1
Brunei Darussalam,BRN,Terrestrial protected areas (% of total land area),ER.LND.PTLD.ZS,,,,,,,,,,,,,,,,,,,,,,,,,,,,,,,,,,,,,,,,,,,,,,,,,,,,,,46.9,46.9,46.9,46.9,46.9,46.9,46.9,46.9,46.9,46.9,46.9,39.9
Bhutan,BTN,Terrestrial protected areas (% of total land area),ER.LND.PTLD.ZS,,,,,,,,,,,,,,,,,,,,,,,,,,,,,,,,,,,,,,,,,,,,,,,,,,,,,,28.8,48,48,48,48,48,48,49.7,49.7,49.7,49.7,51.6
Botswana,BWA,Terrestrial protected areas (% of total land area),ER.LND.PTLD.ZS,,,,,,,,,,,,,,,,,,,,,,,,,,,,,,,,,,,,,,,,,,,,,,,,,,,,,,29.1,29.1,29.1,29.1,29.1,29.1,29.1,29.1,29.1,29.1,29.1,29.1
Central African Republic,CAF,Terrestrial protected areas (% of total land area),ER.LND.PTLD.ZS,,,,,,,,,,,,,,,,,,,,,,,,,,,,,,,,,,,,,,,,,,,,,,,,,,,,,,18.1,18.1,18.1,18.1,18.1,18.1,18.1,18.1,18.1,18.1,18.1,14.8
Canada,CAN,Terrestrial protected areas (% of total land area),ER.LND.PTLD.ZS,,,,,,,,,,,,,,,,,,,,,,,,,,,,,,,,,,,,,,,,,,,,,,,,,,,,,,9.4,9.4,9.3,9.7,9.7,9.6,11,9.9,11.9,12.7,12.8,12.9
Central Europe and the Baltics,CEB,Terrestrial protected areas (% of total land area),ER.LND.PTLD.ZS,,,,,,,,,,,,,,,,,,,,,,,,,,,,,,,,,,,,,,,,,,,,,,,,,,,,,,27.70595948,27.94915347,27.98422257,30.09388731,30.1810147,30.19398477,30.78784099,30.56419074,30.57391788,30.61050701,30.61050701,31.00763487
Switzerland,CHE,Terrestrial protected areas (% of total land area),ER.LND.PTLD.ZS,,,,,,,,,,,,,,,,,,,,,,,,,,,,,,,,,,,,,,,,,,,,,,,,,,,,,,24.8,9.7,9.7,9.7,9.7,9.7,10,12,12.1,12.1,12.1,12.5
Channel Islands,CHI,Terrestrial protected areas (% of total land area),ER.LND.PTLD.ZS,,,,,,,,,,,,,,,,,,,,,,,,,,,,,,,,,,,,,,,,,,,,,,,,,,,,,,,,,,,,,,,,,
Chile,CHL,Terrestrial protected areas (% of total land area),ER.LND.PTLD.ZS,,,,,,,,,,,,,,,,,,,,,,,,,,,,,,,,,,,,,,,,,,,,,,,,,,,,,,18.3,18.3,18.3,18.4,18.4,18.5,20.4,20.9,20.9,21,21,21.6
China,CHN,Terrestrial protected areas (% of total land area),ER.LND.PTLD.ZS,,,,,,,,,,,,,,,,,,,,,,,,,,,,,,,,,,,,,,,,,,,,,,,,,,,,,,17,17.1,17.1,17.1,17.1,15.6,15.6,15.6,15.6,15.6,15.6,15.6
Cote d'Ivoire,CIV,Terrestrial protected areas (% of total land area),ER.LND.PTLD.ZS,,,,,,,,,,,,,,,,,,,,,,,,,,,,,,,,,,,,,,,,,,,,,,,,,,,,,,22.9,22.9,22.9,22.9,22.9,22.9,23,23,23,23,23,22.8
Cameroon,CMR,Terrestrial protected areas (% of total land area),ER.LND.PTLD.ZS,,,,,,,,,,,,,,,,,,,,,,,,,,,,,,,,,,,,,,,,,,,,,,,,,,,,,,11,11,10.9,10.6,10.6,10.6,10.9,10.9,11,11,11,11
"Congo, Dem. Rep.",COD,Terrestrial protected areas (% of total land area),ER.LND.PTLD.ZS,,,,,,,,,,,,,,,,,,,,,,,,,,,,,,,,,,,,,,,,,,,,,,,,,,,,,,12.9,12.7,12.7,12.7,13.8,13.8,13.8,13.8,13.8,13.9,13.9,14.9
"Congo, Rep.",COG,Terrestrial protected areas (% of total land area),ER.LND.PTLD.ZS,,,,,,,,,,,,,,,,,,,,,,,,,,,,,,,,,,,,,,,,,,,,,,,,,,,,,,36.4,37.1,37.1,40.6,40.6,40.7,40.7,36.8,36.8,36.8,36.8,36.8
Colombia,COL,Terrestrial protected areas (% of total land area),ER.LND.PTLD.ZS,,,,,,,,,,,,,,,,,,,,,,,,,,,,,,,,,,,,,,,,,,,,,,,,,,,,,,23.1,23.2,13.9,14.2,14.2,14.8,14.8,16.9,16.9,16.4,16.4,17
Comoros,COM,Terrestrial protected areas (% of total land area),ER.LND.PTLD.ZS,,,,,,,,,,,,,,,,,,,,,,,,,,,,,,,,,,,,,,,,,,,,,,,,,,,,,,10.2,10.2,10.2,10.2,10.2,10.2,10.2,33.8,33.8,33.8,33.8,33.7
Cabo Verde,CPV,Terrestrial protected areas (% of total land area),ER.LND.PTLD.ZS,,,,,,,,,,,,,,,,,,,,,,,,,,,,,,,,,,,,,,,,,,,,,,,,,,,,,,2.5,2.6,2.6,2.6,2.9,2.9,2.9,2.9,2.9,2.9,2.9,17.6
Costa Rica,CRI,Terrestrial protected areas (% of total land area),ER.LND.PTLD.ZS,,,,,,,,,,,,,,,,,,,,,,,,,,,,,,,,,,,,,,,,,,,,,,,,,,,,,,27.6,27.6,27.6,27.6,27.6,27.6,28.3,28.4,28.4,26.6,26.6,26.5
Caribbean small states,CSS,Terrestrial protected areas (% of total land area),ER.LND.PTLD.ZS,,,,,,,,,,,,,,,,,,,,,,,,,,,,,,,,,,,,,,,,,,,,,,,,,,,,,,12.85578407,12.91655133,13.50640683,13.51747082,13.69697963,13.69744307,13.6058153,13.59718364,13.59594137,13.59594137,13.59594137,13.56507877
Cuba,CUB,Terrestrial protected areas (% of total land area),ER.LND.PTLD.ZS,,,,,,,,,,,,,,,,,,,,,,,,,,,,,,,,,,,,,,,,,,,,,,,,,,,,,,12.4,12.4,12.4,16.6,16.6,16.6,16.2,16.2,16.2,16.2,16.2,15.6
Curacao,CUW,Terrestrial protected areas (% of total land area),ER.LND.PTLD.ZS,,,,,,,,,,,,,,,,,,,,,,,,,,,,,,,,,,,,,,,,,,,,,,,,,,,,,,7.8,7.8,15.5,15.5,15.5,15.7,15.7,15.7,15.7,15.7,15.7,16.7
Cayman Islands,CYM,Terrestrial protected areas (% of total land area),ER.LND.PTLD.ZS,,,,,,,,,,,,,,,,,,,,,,,,,,,,,,,,,,,,,,,,,,,,,,,,,,,,,,8.7,8.7,8.7,10.8,10.8,10.8,10.8,10.8,10.8,10.8,10.8,8.8
Cyprus,CYP,Terrestrial protected areas (% of total land area),ER.LND.PTLD.ZS,,,,,,,,,,,,,,,,,,,,,,,,,,,,,,,,,,,,,,,,,,,,,,,,,,,,,,20.6,18.4,18.4,18.7,18.7,37.4,38.5,38.6,38.7,38.7,38.7,38.6
Czechia,CZE,Terrestrial protected areas (% of total land area),ER.LND.PTLD.ZS,,,,,,,,,,,,,,,,,,,,,,,,,,,,,,,,,,,,,,,,,,,,,,,,,,,,,,21.9,21.8,21.7,22.1,22.2,22.2,22.2,22.2,22.2,22.2,22.2,21.9
Germany,DEU,Terrestrial protected areas (% of total land area),ER.LND.PTLD.ZS,,,,,,,,,,,,,,,,,,,,,,,,,,,,,,,,,,,,,,,,,,,,,,,,,,,,,,37.9,37.4,37.4,37.8,37.8,37.8,37.4,37.8,37.5,37.6,37.6,39.3
Djibouti,DJI,Terrestrial protected areas (% of total land area),ER.LND.PTLD.ZS,,,,,,,,,,,,,,,,,,,,,,,,,,,,,,,,,,,,,,,,,,,,,,,,,,,,,,0.1,1.6,1.6,1.6,1.6,1.6,1.6,1.6,1.6,1.6,1.6,1.6
Dominica,DMA,Terrestrial protected areas (% of total land area),ER.LND.PTLD.ZS,,,,,,,,,,,,,,,,,,,,,,,,,,,,,,,,,,,,,,,,,,,,,,,,,,,,,,21.6,21.6,22,22,22,22,22,22,22,22,22,21.4
Denmark,DNK,Terrestrial protected areas (% of total land area),ER.LND.PTLD.ZS,,,,,,,,,,,,,,,,,,,,,,,,,,,,,,,,,,,,,,,,,,,,,,,,,,,,,,17.5,25.6,25.6,18.1,26.1,18.1,17.2,17,17,17,17,15.8
Dominican Republic,DOM,Terrestrial protected areas (% of total land area),ER.LND.PTLD.ZS,,,,,,,,,,,,,,,,,,,,,,,,,,,,,,,,,,,,,,,,,,,,,,,,,,,,,,22.3,23,23,23,23,26.2,26.2,26.2,26.2,26.4,26.4,26.2
Algeria,DZA,Terrestrial protected areas (% of total land area),ER.LND.PTLD.ZS,,,,,,,,,,,,,,,,,,,,,,,,,,,,,,,,,,,,,,,,,,,,,,,,,,,,,,7.5,7.5,7.5,7.5,7.5,7.5,7.5,4.6,4.6,4.6,4.6,4.7
East Asia & Pacific (excluding high income),EAP,Terrestrial protected areas (% of total land area),ER.LND.PTLD.ZS,,,,,,,,,,,,,,,,,,,,,,,,,,,,,,,,,,,,,,,,,,,,,,,,,,,,,,15.31622538,15.44054389,15.47610938,15.48420569,15.51352708,14.64180527,14.66296853,14.93111928,14.9404151,14.94077839,14.94509583,14.91738905
Early-demographic dividend,EAR,Terrestrial protected areas (% of total land area),ER.LND.PTLD.ZS,,,,,,,,,,,,,,,,,,,,,,,,,,,,,,,,,,,,,,,,,,,,,,,,,,,,,,14.34766683,14.48496035,14.73152954,13.01349271,13.06175536,12.83144482,12.86992159,12.80097601,13.17133367,13.2260147,13.98876523,14.43449455
East Asia & Pacific,EAS,Terrestrial protected areas (% of total land area),ER.LND.PTLD.ZS,,,,,,,,,,,,,,,,,,,,,,,,,,,,,,,,,,,,,,,,,,,,,,,,,,,,,,14.70508315,15.42949963,15.48385384,16.37896765,17.12075175,16.55618303,16.62215129,17.09049487,17.13394587,17.13418351,17.13691534,17.61817011
Europe & Central Asia (excluding high income),ECA,Terrestrial protected areas (% of total land area),ER.LND.PTLD.ZS,,,,,,,,,,,,,,,,,,,,,,,,,,,,,,,,,,,,,,,,,,,,,,,,,,,,,,4.352085368,4.020986696,4.033703046,4.132151979,4.136401367,4.136401367,4.186335811,7.452710622,9.418249614,9.461971797,9.739655662,10.70876582
Europe & Central Asia,ECS,Terrestrial protected areas (% of total land area),ER.LND.PTLD.ZS,,,,,,,,,,,,,,,,,,,,,,,,,,,,,,,,,,,,,,,,,,,,,,,,,,,,,,14.28607489,13.22736619,13.23491771,13.33244532,13.36078602,13.35376568,13.37333923,15.06670598,15.6358111,15.64345206,15.50341599,15.8588367
Ecuador,ECU,Terrestrial protected areas (% of total land area),ER.LND.PTLD.ZS,,,,,,,,,,,,,,,,,,,,,,,,,,,,,,,,,,,,,,,,,,,,,,,,,,,,,,25.6,25.7,20,20,20,21.7,21.7,22.4,23.2,23.4,23.5,23.6
"Egypt, Arab Rep.",EGY,Terrestrial protected areas (% of total land area),ER.LND.PTLD.ZS,,,,,,,,,,,,,,,,,,,,,,,,,,,,,,,,,,,,,,,,,,,,,,,,,,,,,,13.1,13.1,13.1,13.1,13.1,13.1,13.1,13.1,13.1,13.1,13.1,13.2
Euro area,EMU,Terrestrial protected areas (% of total land area),ER.LND.PTLD.ZS,,,,,,,,,,,,,,,,,,,,,,,,,,,,,,,,,,,,,,,,,,,,,,,,,,,,,,25.74350606,25.90336921,25.93731273,26.04292127,26.10536517,26.15933632,26.18038023,26.26048841,26.37044445,26.49890914,26.49890914,26.79450036
Eritrea,ERI,Terrestrial protected areas (% of total land area),ER.LND.PTLD.ZS,,,,,,,,,,,,,,,,,,,,,,,,,,,,,,,,,,,,,,,,,,,,,,,,,,,,,,4.9,4.9,4.9,4.9,4.9,4.9,4.9,4.9,0,0,0,0
Spain,ESP,Terrestrial protected areas (% of total land area),ER.LND.PTLD.ZS,,,,,,,,,,,,,,,,,,,,,,,,,,,,,,,,,,,,,,,,,,,,,,,,,,,,,,29.8,27.9,28,28,28,28.1,28.1,28.1,28.1,28.1,28.1,28.1
Estonia,EST,Terrestrial protected areas (% of total land area),ER.LND.PTLD.ZS,,,,,,,,,,,,,,,,,,,,,,,,,,,,,,,,,,,,,,,,,,,,,,,,,,,,,,20.1,20.1,20.1,20.2,20.2,20.2,20.6,21.2,21.3,21.4,21.4,22
Ethiopia,ETH,Terrestrial protected areas (% of total land area),ER.LND.PTLD.ZS,,,,,,,,,,,,,,,,,,,,,,,,,,,,,,,,,,,,,,,,,,,,,,,,,,,,,,18.5,18.5,18.5,18.5,18.5,17.6,17.6,16.1,17,17,17,17
European Union,EUU,Terrestrial protected areas (% of total land area),ER.LND.PTLD.ZS,,,,,,,,,,,,,,,,,,,,,,,,,,,,,,,,,,,,,,,,,,,,,,,,,,,,,,25.19836878,25.14710373,25.19062771,25.70435477,25.8987839,25.84781356,25.9560605,26.0148006,26.08950819,26.28211036,26.28211036,26.56919759
Fragile and conflict affected situations,FCS,Terrestrial protected areas (% of total land area),ER.LND.PTLD.ZS,,,,,,,,,,,,,,,,,,,,,,,,,,,,,,,,,,,,,,,,,,,,,,,,,,,,,,12.90817884,12.67183544,12.7547976,13.05040502,13.17860804,13.10154093,12.72173687,13.20686183,13.48650472,13.49959165,13.52120378,13.64924352
Finland,FIN,Terrestrial protected areas (% of total land area),ER.LND.PTLD.ZS,,,,,,,,,,,,,,,,,,,,,,,,,,,,,,,,,,,,,,,,,,,,,,,,,,,,,,14.9,15,15,15,15,15,13.3,13.3,13.3,13.4,13.4,13.6
Fiji,FJI,Terrestrial protected areas (% of total land area),ER.LND.PTLD.ZS,,,,,,,,,,,,,,,,,,,,,,,,,,,,,,,,,,,,,,,,,,,,,,,,,,,,,,4.4,4.4,5.4,5.4,5.4,5.4,5.4,5.4,5.4,5.4,5.4,3.9
France,FRA,Terrestrial protected areas (% of total land area),ER.LND.PTLD.ZS,,,,,,,,,,,,,,,,,,,,,,,,,,,,,,,,,,,,,,,,,,,,,,,,,,,,,,25.4,25.6,25.6,25.8,26,25.8,26.3,27.3,28,28.4,28.4,28.6
Faroe Islands,FRO,Terrestrial protected areas (% of total land area),ER.LND.PTLD.ZS,,,,,,,,,,,,,,,,,,,,,,,,,,,,,,,,,,,,,,,,,,,,,,,,,,,,,,2.9,2.3,2.3,2.3,2.3,2.3,2.3,2.3,2.3,2.3,2.3,2.4
"Micronesia, Fed. Sts.",FSM,Terrestrial protected areas (% of total land area),ER.LND.PTLD.ZS,,,,,,,,,,,,,,,,,,,,,,,,,,,,,,,,,,,,,,,,,,,,,,,,,,,,,,4.3,4.2,4.2,0,0,0,0,0,0,0,0,0
Gabon,GAB,Terrestrial protected areas (% of total land area),ER.LND.PTLD.ZS,,,,,,,,,,,,,,,,,,,,,,,,,,,,,,,,,,,,,,,,,,,,,,,,,,,,,,20,20.1,20.1,20.1,22.4,22.4,22.4,22.4,22.4,22.4,22.4,22.7
United Kingdom,GBR,Terrestrial protected areas (% of total land area),ER.LND.PTLD.ZS,,,,,,,,,,,,,,,,,,,,,,,,,,,,,,,,,,,,,,,,,,,,,,,,,,,,,,28,28.8,28.7,28.2,28.7,28.7,28.7,28.7,27.8,27.8,27.8,28.4
Georgia,GEO,Terrestrial protected areas (% of total land area),ER.LND.PTLD.ZS,,,,,,,,,,,,,,,,,,,,,,,,,,,,,,,,,,,,,,,,,,,,,,,,,,,,,,7.8,8.3,8.3,8.3,8.3,8.3,9.3,9.3,9.3,11.1,11.1,22.8
Ghana,GHA,Terrestrial protected areas (% of total land area),ER.LND.PTLD.ZS,,,,,,,,,,,,,,,,,,,,,,,,,,,,,,,,,,,,,,,,,,,,,,,,,,,,,,15.1,15.1,15.1,15.1,15.1,15,15,14.8,14.8,14.8,14.8,14.8
Gibraltar,GIB,Terrestrial protected areas (% of total land area),ER.LND.PTLD.ZS,,,,,,,,,,,,,,,,,,,,,,,,,,,,,,,,,,,,,,,,,,,,,,,,,,,,,,4.7,32.4,32.4,32.4,32.4,32.4,32.4,4.7,4.7,0,0,26.4
Guinea,GIN,Terrestrial protected areas (% of total land area),ER.LND.PTLD.ZS,,,,,,,,,,,,,,,,,,,,,,,,,,,,,,,,,,,,,,,,,,,,,,,,,,,,,,30.7,30.7,30.7,30.7,35.6,35.6,35.6,35.8,37.6,37.6,37.6,37.6
"Gambia, The",GMB,Terrestrial protected areas (% of total land area),ER.LND.PTLD.ZS,,,,,,,,,,,,,,,,,,,,,,,,,,,,,,,,,,,,,,,,,,,,,,,,,,,,,,4.1,4.1,4.1,4.1,4.1,4.1,4.1,7.7,7.7,7.7,7.7,7.6
Guinea-Bissau,GNB,Terrestrial protected areas (% of total land area),ER.LND.PTLD.ZS,,,,,,,,,,,,,,,,,,,,,,,,,,,,,,,,,,,,,,,,,,,,,,,,,,,,,,16.2,16.2,16.2,16.7,16.7,16.7,16.7,26.3,26.3,27.1,27.1,26.2
Equatorial Guinea,GNQ,Terrestrial protected areas (% of total land area),ER.LND.PTLD.ZS,,,,,,,,,,,,,,,,,,,,,,,,,,,,,,,,,,,,,,,,,,,,,,,,,,,,,,23.3,23.3,23.3,19.3,19.3,19.3,19.3,19.3,19.3,19.3,19.3,19
Greece,GRC,Terrestrial protected areas (% of total land area),ER.LND.PTLD.ZS,,,,,,,,,,,,,,,,,,,,,,,,,,,,,,,,,,,,,,,,,,,,,,,,,,,,,,35.1,35,35,35,35,35.2,35.2,35.2,35.2,35.2,35.2,35
Grenada,GRD,Terrestrial protected areas (% of total land area),ER.LND.PTLD.ZS,,,,,,,,,,,,,,,,,,,,,,,,,,,,,,,,,,,,,,,,,,,,,,,,,,,,,,2.2,2.2,9.3,9.3,9.3,9.8,9.8,9.5,9.5,9.5,9.5,8.8
Greenland,GRL,Terrestrial protected areas (% of total land area),ER.LND.PTLD.ZS,,,,,,,,,,,,,,,,,,,,,,,,,,,,,,,,,,,,,,,,,,,,,,,,,,,,,,41.2,41.2,41.2,41.3,41.2,41.2,41.1,41.1,41.6,41.1,41.1,41.9
Guatemala,GTM,Terrestrial protected areas (% of total land area),ER.LND.PTLD.ZS,,,,,,,,,,,,,,,,,,,,,,,,,,,,,,,,,,,,,,,,,,,,,,,,,,,,,,31.7,31.7,31.7,31.7,31.7,20,20,20.1,20.1,20.1,20.1,20.1
Guam,GUM,Terrestrial protected areas (% of total land area),ER.LND.PTLD.ZS,,,,,,,,,,,,,,,,,,,,,,,,,,,,,,,,,,,,,,,,,,,,,,,,,,,,,,27.1,21.9,21.9,22.5,22.5,22.5,22.5,2.7,4.5,4.5,4.5,4.2
Guyana,GUY,Terrestrial protected areas (% of total land area),ER.LND.PTLD.ZS,,,,,,,,,,,,,,,,,,,,,,,,,,,,,,,,,,,,,,,,,,,,,,,,,,,,,,8.7,8.7,8.7,8.7,8.7,8.7,8.5,8.5,8.5,8.5,8.5,8.4
High income,HIC,Terrestrial protected areas (% of total land area),ER.LND.PTLD.ZS,,,,,,,,,,,,,,,,,,,,,,,,,,,,,,,,,,,,,,,,,,,,,,,,,,,,,,14.85128527,14.47148518,14.47412219,14.01981841,14.46640597,14.36394901,14.67159876,14.98200841,15.66133343,15.80398965,16.07725223,16.61128007
"Hong Kong SAR, China",HKG,Terrestrial protected areas (% of total land area),ER.LND.PTLD.ZS,,,,,,,,,,,,,,,,,,,,,,,,,,,,,,,,,,,,,,,,,,,,,,,,,,,,,,42.1,42.1,41.9,41.9,41.9,41.9,41.9,41.9,41.9,41.9,41.9,42
Honduras,HND,Terrestrial protected areas (% of total land area),ER.LND.PTLD.ZS,,,,,,,,,,,,,,,,,,,,,,,,,,,,,,,,,,,,,,,,,,,,,,,,,,,,,,21.2,27.9,28,28.4,28.4,23.9,23.9,23.5,23.5,23.5,23.5,23.4
Heavily indebted poor countries (HIPC),HPC,Terrestrial protected areas (% of total land area),ER.LND.PTLD.ZS,,,,,,,,,,,,,,,,,,,,,,,,,,,,,,,,,,,,,,,,,,,,,,,,,,,,,,15.22913829,15.40272662,15.80415737,16.40125201,16.61889456,16.58044663,16.18799742,16.50698601,16.57772606,16.60061124,16.6726967,16.84330305
Croatia,HRV,Terrestrial protected areas (% of total land area),ER.LND.PTLD.ZS,,,,,,,,,,,,,,,,,,,,,,,,,,,,,,,,,,,,,,,,,,,,,,,,,,,,,,13.8,38,38,38.2,38.3,38.3,38.3,38.4,38.4,38.5,38.5,38.4
Haiti,HTI,Terrestrial protected areas (% of total land area),ER.LND.PTLD.ZS,,,,,,,,,,,,,,,,,,,,,,,,,,,,,,,,,,,,,,,,,,,,,,,,,,,,,,0.3,0.3,0.3,0.3,1.9,1.9,7.1,7.1,8.6,8.6,8.6,8.6
Hungary,HUN,Terrestrial protected areas (% of total land area),ER.LND.PTLD.ZS,,,,,,,,,,,,,,,,,,,,,,,,,,,,,,,,,,,,,,,,,,,,,,,,,,,,,,23.2,22.6,22.6,22.6,22.6,22.6,22.6,22.6,22.6,22.6,22.6,22.6
IBRD only,IBD,Terrestrial protected areas (% of total land area),ER.LND.PTLD.ZS,,,,,,,,,,,,,,,,,,,,,,,,,,,,,,,,,,,,,,,,,,,,,,,,,,,,,,14.67635281,15.11286785,14.69259704,14.72179555,14.73854132,14.53502776,14.68761829,15.23762427,15.47309313,15.49487406,15.59528309,15.75916147
IDA & IBRD total,IBT,Terrestrial protected areas (% of total land area),ER.LND.PTLD.ZS,,,,,,,,,,,,,,,,,,,,,,,,,,,,,,,,,,,,,,,,,,,,,,,,,,,,,,14.52006342,14.80753747,14.51678063,14.66157472,14.71694597,14.55296482,14.60234444,15.11562109,15.30333717,15.32286466,15.44018722,15.66575134
IDA total,IDA,Terrestrial protected areas (% of total land area),ER.LND.PTLD.ZS,,,,,,,,,,,,,,,,,,,,,,,,,,,,,,,,,,,,,,,,,,,,,,,,,,,,,,14.07240156,13.93298608,14.01319339,14.48908547,14.65509086,14.60434156,14.36416907,14.77485839,14.8291977,14.84243121,15.00699435,15.40485077
IDA blend,IDB,Terrestrial protected areas (% of total land area),ER.LND.PTLD.ZS,,,,,,,,,,,,,,,,,,,,,,,,,,,,,,,,,,,,,,,,,,,,,,,,,,,,,,14.73429054,14.43211136,14.42735784,14.71846447,14.71871468,14.72601069,14.82630908,14.77318327,14.78261995,14.75902887,15.18081361,16.50143421
Indonesia,IDN,Terrestrial protected areas (% of total land area),ER.LND.PTLD.ZS,,,,,,,,,,,,,,,,,,,,,,,,,,,,,,,,,,,,,,,,,,,,,,,,,,,,,,14.8,11.8,11.9,11.9,11.9,12.2,12.2,12.2,12.2,12.2,12.2,12
IDA only,IDX,Terrestrial protected areas (% of total land area),ER.LND.PTLD.ZS,,,,,,,,,,,,,,,,,,,,,,,,,,,,,,,,,,,,,,,,,,,,,,,,,,,,,,13.90816247,13.80913656,13.91042547,14.43216894,14.63930368,14.57415142,14.25303356,14.77526123,14.84039873,14.86248782,14.96519426,15.14114418
Isle of Man,IMN,Terrestrial protected areas (% of total land area),ER.LND.PTLD.ZS,,,,,,,,,,,,,,,,,,,,,,,,,,,,,,,,,,,,,,,,,,,,,,,,,,,,,,,,0.3,3.7,3.7,5.5,5.5,5.5,5.5,5.5,5.8,4.6
India,IND,Terrestrial protected areas (% of total land area),ER.LND.PTLD.ZS,,,,,,,,,,,,,,,,,,,,,,,,,,,,,,,,,,,,,,,,,,,,,,,,,,,,,,5.9,5.9,6,6,6,6,6,6,7.5,7.5,7.5,7.7
Not classified,INX,Terrestrial protected areas (% of total land area),ER.LND.PTLD.ZS,,,,,,,,,,,,,,,,,,,,,,,,,,,,,,,,,,,,,,,,,,,,,,,,,,,,,,,,,,,,,,,,,
Ireland,IRL,Terrestrial protected areas (% of total land area),ER.LND.PTLD.ZS,,,,,,,,,,,,,,,,,,,,,,,,,,,,,,,,,,,,,,,,,,,,,,,,,,,,,,14.3,14.4,14.4,14.4,14.4,14.4,14.4,14.4,14.4,14.4,14.4,14.4
"Iran, Islamic Rep.",IRN,Terrestrial protected areas (% of total land area),ER.LND.PTLD.ZS,,,,,,,,,,,,,,,,,,,,,,,,,,,,,,,,,,,,,,,,,,,,,,,,,,,,,,7.2,7.2,7.2,8.6,8.6,8.6,8.6,8.6,8.6,8.6,8.6,8.6
Iraq,IRQ,Terrestrial protected areas (% of total land area),ER.LND.PTLD.ZS,,,,,,,,,,,,,,,,,,,,,,,,,,,,,,,,,,,,,,,,,,,,,,,,,,,,,,0.3,0.9,0.9,1.5,1.5,1.5,1.5,1.5,1.5,1.5,1.5,1.5
Iceland,ISL,Terrestrial protected areas (% of total land area),ER.LND.PTLD.ZS,,,,,,,,,,,,,,,,,,,,,,,,,,,,,,,,,,,,,,,,,,,,,,,,,,,,,,20.2,16.7,16.7,17.4,18.2,18.2,19.5,19.9,20.3,20.8,20.8,20.9
Israel,ISR,Terrestrial protected areas (% of total land area),ER.LND.PTLD.ZS,,,,,,,,,,,,,,,,,,,,,,,,,,,,,,,,,,,,,,,,,,,,,,,,,,,,,,19.9,19.9,19.9,19.9,19.9,19.9,24.5,24.5,24.5,24.5,24.5,27.6
Italy,ITA,Terrestrial protected areas (% of total land area),ER.LND.PTLD.ZS,,,,,,,,,,,,,,,,,,,,,,,,,,,,,,,,,,,,,,,,,,,,,,,,,,,,,,21.4,21.5,21.5,21.5,21.5,21.5,21.5,21.5,21.5,21.6,21.6,21.6
Jamaica,JAM,Terrestrial protected areas (% of total land area),ER.LND.PTLD.ZS,,,,,,,,,,,,,,,,,,,,,,,,,,,,,,,,,,,,,,,,,,,,,,,,,,,,,,15.9,15.9,15.9,15.9,15.9,15.9,15.9,15.9,16.2,20,20,19.9
Jordan,JOR,Terrestrial protected areas (% of total land area),ER.LND.PTLD.ZS,,,,,,,,,,,,,,,,,,,,,,,,,,,,,,,,,,,,,,,,,,,,,,,,,,,,,,1.5,1.7,1.7,1.7,1.8,1.8,3.1,4.5,4.5,4.5,4.5,5.4
Japan,JPN,Terrestrial protected areas (% of total land area),ER.LND.PTLD.ZS,,,,,,,,,,,,,,,,,,,,,,,,,,,,,,,,,,,,,,,,,,,,,,,,,,,,,,16.4,19.4,19.4,29.4,29.4,29.4,29.4,29.4,29.7,29.7,29.7,29.5
Kazakhstan,KAZ,Terrestrial protected areas (% of total land area),ER.LND.PTLD.ZS,,,,,,,,,,,,,,,,,,,,,,,,,,,,,,,,,,,,,,,,,,,,,,,,,,,,,,3.3,3.3,3.3,3.3,3.3,3.3,3.3,10,10,10,10,10.1
Kenya,KEN,Terrestrial protected areas (% of total land area),ER.LND.PTLD.ZS,,,,,,,,,,,,,,,,,,,,,,,,,,,,,,,,,,,,,,,,,,,,,,,,,,,,,,14.3,12.2,12.2,12.4,12.4,12.4,12.4,12.4,12.4,12.2,12.2,14
Kyrgyz Republic,KGZ,Terrestrial protected areas (% of total land area),ER.LND.PTLD.ZS,,,,,,,,,,,,,,,,,,,,,,,,,,,,,,,,,,,,,,,,,,,,,,,,,,,,,,6.5,6.5,6.5,6.7,6.7,6.7,6.7,6.7,6.7,6.7,6.7,6.8
Cambodia,KHM,Terrestrial protected areas (% of total land area),ER.LND.PTLD.ZS,,,,,,,,,,,,,,,,,,,,,,,,,,,,,,,,,,,,,,,,,,,,,,,,,,,,,,26.3,26,26,26,26,26,26,39.7,39.7,39.7,39.7,39.8
Kiribati,KIR,Terrestrial protected areas (% of total land area),ER.LND.PTLD.ZS,,,,,,,,,,,,,,,,,,,,,,,,,,,,,,,,,,,,,,,,,,,,,,,,,,,,,,22.2,22.2,22.2,22.4,22.4,22.4,22.4,22.4,22.4,22.4,22.4,22.9
St. Kitts and Nevis,KNA,Terrestrial protected areas (% of total land area),ER.LND.PTLD.ZS,,,,,,,,,,,,,,,,,,,,,,,,,,,,,,,,,,,,,,,,,,,,,,,,,,,,,,3.3,3.3,3.3,3.3,3.3,3.3,22.9,22.9,22.9,22.9,22.9,16.9
"Korea, Rep.",KOR,Terrestrial protected areas (% of total land area),ER.LND.PTLD.ZS,,,,,,,,,,,,,,,,,,,,,,,,,,,,,,,,,,,,,,,,,,,,,,,,,,,,,,6.6,7.6,7.6,11.2,11.2,11.7,15.7,16.7,17,17,17,17.4
Kuwait,KWT,Terrestrial protected areas (% of total land area),ER.LND.PTLD.ZS,,,,,,,,,,,,,,,,,,,,,,,,,,,,,,,,,,,,,,,,,,,,,,,,,,,,,,18.8,18.8,18.8,17.5,17.5,17.5,17.1,17.1,17.1,17.1,17,17.1
Latin America & Caribbean (excluding high income),LAC,Terrestrial protected areas (% of total land area),ER.LND.PTLD.ZS,,,,,,,,,,,,,,,,,,,,,,,,,,,,,,,,,,,,,,,,,,,,,,,,,,,,,,21.16808405,22.8128048,22.49911171,22.12353265,22.12593836,22.44254926,22.88356814,22.91746409,22.98113564,23.01100584,23.15288796,23.29224337
Lao PDR,LAO,Terrestrial protected areas (% of total land area),ER.LND.PTLD.ZS,,,,,,,,,,,,,,,,,,,,,,,,,,,,,,,,,,,,,,,,,,,,,,,,,,,,,,16.7,16.7,16.7,16.7,16.7,16.7,16.7,18.7,18.7,18.7,19,18.8
Lebanon,LBN,Terrestrial protected areas (% of total land area),ER.LND.PTLD.ZS,,,,,,,,,,,,,,,,,,,,,,,,,,,,,,,,,,,,,,,,,,,,,,,,,,,,,,0.6,2.6,2.6,2.6,2.6,2.6,2.6,2.6,1.9,1.9,1.9,7.9
Liberia,LBR,Terrestrial protected areas (% of total land area),ER.LND.PTLD.ZS,,,,,,,,,,,,,,,,,,,,,,,,,,,,,,,,,,,,,,,,,,,,,,,,,,,,,,2.5,2.5,2.5,2.5,4.1,4.1,4.1,4.1,4.1,4.1,4.1,4
Libya,LBY,Terrestrial protected areas (% of total land area),ER.LND.PTLD.ZS,,,,,,,,,,,,,,,,,,,,,,,,,,,,,,,,,,,,,,,,,,,,,,,,,,,,,,0.1,0.2,0.2,0.2,0.2,0.2,0.2,0.1,0.1,0.1,0.1,0.1
St. Lucia,LCA,Terrestrial protected areas (% of total land area),ER.LND.PTLD.ZS,,,,,,,,,,,,,,,,,,,,,,,,,,,,,,,,,,,,,,,,,,,,,,,,,,,,,,16.9,16.8,18.7,18.7,18.7,18.7,18.7,18.7,18.7,18.7,18.7,18.2
Latin America & Caribbean,LCN,Terrestrial protected areas (% of total land area),ER.LND.PTLD.ZS,,,,,,,,,,,,,,,,,,,,,,,,,,,,,,,,,,,,,,,,,,,,,,,,,,,,,,22.25560902,23.72123712,23.45329178,23.12837941,23.13422554,23.42008966,23.88542559,24.10162031,24.15659901,24.18238757,24.30851398,24.4424062
Least developed countries: UN classification,LDC,Terrestrial protected areas (% of total land area),ER.LND.PTLD.ZS,,,,,,,,,,,,,,,,,,,,,,,,,,,,,,,,,,,,,,,,,,,,,,,,,,,,,,13.76728298,13.22949832,13.30686608,13.82990173,14.03779056,13.99911297,13.69883982,14.32389619,14.38928604,14.4114607,14.73995219,14.91774343
Low income,LIC,Terrestrial protected areas (% of total land area),ER.LND.PTLD.ZS,,,,,,,,,,,,,,,,,,,,,,,,,,,,,,,,,,,,,,,,,,,,,,,,,,,,,,11.18381985,10.81748401,10.9429648,11.27382179,11.50134782,11.55133857,11.0139948,11.84446639,11.81843303,11.83750999,11.83750999,12.08962109
Liechtenstein,LIE,Terrestrial protected areas (% of total land area),ER.LND.PTLD.ZS,,,,,,,,,,,,,,,,,,,,,,,,,,,,,,,,,,,,,,,,,,,,,,,,,,,,,,42.2,42.2,42.2,42.2,11.9,11.9,42.2,42.6,42.6,42.6,42.6,44.8
Sri Lanka,LKA,Terrestrial protected areas (% of total land area),ER.LND.PTLD.ZS,,,,,,,,,,,,,,,,,,,,,,,,,,,,,,,,,,,,,,,,,,,,,,,,,,,,,,22,23.2,29.9,29.9,29.9,29.9,29.9,29.9,29.9,29.9,29.9,30
Lower middle income,LMC,Terrestrial protected areas (% of total land area),ER.LND.PTLD.ZS,,,,,,,,,,,,,,,,,,,,,,,,,,,,,,,,,,,,,,,,,,,,,,,,,,,,,,15.44089695,17.26789521,16.16089185,16.57941032,16.63898561,16.59161082,16.76733587,16.25181751,16.4938774,16.49797118,17.05119198,17.45399452
Low & middle income,LMY,Terrestrial protected areas (% of total land area),ER.LND.PTLD.ZS,,,,,,,,,,,,,,,,,,,,,,,,,,,,,,,,,,,,,,,,,,,,,,,,,,,,,,14.49753378,15.23641994,14.86595867,15.02305492,15.09185391,14.89568175,14.92697562,15.15517328,15.3807316,15.40527049,15.5764097,15.83203458
Lesotho,LSO,Terrestrial protected areas (% of total land area),ER.LND.PTLD.ZS,,,,,,,,,,,,,,,,,,,,,,,,,,,,,,,,,,,,,,,,,,,,,,,,,,,,,,0.2,0.3,0.3,0.3,0.3,0.3,0.3,0.5,0.5,0.5,21.3,23.4
Late-demographic dividend,LTE,Terrestrial protected areas (% of total land area),ER.LND.PTLD.ZS,,,,,,,,,,,,,,,,,,,,,,,,,,,,,,,,,,,,,,,,,,,,,,,,,,,,,,15.62936867,16.33044111,15.49901438,15.66348715,15.68923122,15.49559077,15.70987674,16.63590662,16.63225071,16.62776303,16.64887192,16.91075678
Lithuania,LTU,Terrestrial protected areas (% of total land area),ER.LND.PTLD.ZS,,,,,,,,,,,,,,,,,,,,,,,,,,,,,,,,,,,,,,,,,,,,,,,,,,,,,,16.9,16.9,16.9,16.9,17,17,17,17,17.1,17.1,17.1,17.8
Luxembourg,LUX,Terrestrial protected areas (% of total land area),ER.LND.PTLD.ZS,,,,,,,,,,,,,,,,,,,,,,,,,,,,,,,,,,,,,,,,,,,,,,,,,,,,,,37.3,34.9,32.5,42,40.9,40.9,51.2,51.2,51.3,55.8,55.8,38.7
Latvia,LVA,Terrestrial protected areas (% of total land area),ER.LND.PTLD.ZS,,,,,,,,,,,,,,,,,,,,,,,,,,,,,,,,,,,,,,,,,,,,,,,,,,,,,,18.2,18.2,18.2,18.2,18.2,18.2,18.2,18.2,18.2,18.2,18.2,18.5
"Macao SAR, China",MAC,Terrestrial protected areas (% of total land area),ER.LND.PTLD.ZS,,,,,,,,,,,,,,,,,,,,,,,,,,,,,,,,,,,,,,,,,,,,,,,,,,,,,,,,,,,,,,,,,
St. Martin (French part),MAF,Terrestrial protected areas (% of total land area),ER.LND.PTLD.ZS,,,,,,,,,,,,,,,,,,,,,,,,,,,,,,,,,,,,,,,,,,,,,,,,,,,,,,12.2,8.7,8.7,16.3,12.8,12.8,12.8,12.8,12.8,12.8,12.8,9.3
Morocco,MAR,Terrestrial protected areas (% of total land area),ER.LND.PTLD.ZS,,,,,,,,,,,,,,,,,,,,,,,,,,,,,,,,,,,,,,,,,,,,,,,,,,,,,,2.5,100,30.8,30.8,30.8,30.8,30.8,4.3,2.2,2.2,2.2,2.1
Monaco,MCO,Terrestrial protected areas (% of total land area),ER.LND.PTLD.ZS,,,,,,,,,,,,,,,,,,,,,,,,,,,,,,,,,,,,,,,,,,,,,,,,,,,,,,23,23,23,33.2,33.2,33.2,33.2,33.2,10.2,10.2,10.2,20.9
Moldova,MDA,Terrestrial protected areas (% of total land area),ER.LND.PTLD.ZS,,,,,,,,,,,,,,,,,,,,,,,,,,,,,,,,,,,,,,,,,,,,,,,,,,,,,,4.2,4.2,4.2,4.2,4.2,4.2,4.2,4.2,11.4,11.4,11.4,11.5
Madagascar,MDG,Terrestrial protected areas (% of total land area),ER.LND.PTLD.ZS,,,,,,,,,,,,,,,,,,,,,,,,,,,,,,,,,,,,,,,,,,,,,,,,,,,,,,5,5,5,5.2,5.6,5.6,5.6,7.5,7.5,7.5,7.5,12.7
Maldives,MDV,Terrestrial protected areas (% of total land area),ER.LND.PTLD.ZS,,,,,,,,,,,,,,,,,,,,,,,,,,,,,,,,,,,,,,,,,,,,,,,,,,,,,,,0.7,1.1,1.1,1.2,1.2,1.2,2.3,2.3,2.3,2.3,3
"Middle East, North Africa, Afghanistan & Pakistan",MEA,Terrestrial protected areas (% of total land area),ER.LND.PTLD.ZS,,,,,,,,,,,,,,,,,,,,,,,,,,,,,,,,,,,,,,,,,,,,,,,,,,,,,,9.960384714,13.06929769,10.74593129,6.633892072,6.750061433,6.754150782,6.771119681,5.519789171,5.474307923,5.474670042,7.203578031,8.632909177
Mexico,MEX,Terrestrial protected areas (% of total land area),ER.LND.PTLD.ZS,,,,,,,,,,,,,,,,,,,,,,,,,,,,,,,,,,,,,,,,,,,,,,,,,,,,,,12.9,13.7,13.7,14.5,14.5,14.5,14.5,14.5,14.5,14.6,14.6,15.3
Marshall Islands,MHL,Terrestrial protected areas (% of total land area),ER.LND.PTLD.ZS,,,,,,,,,,,,,,,,,,,,,,,,,,,,,,,,,,,,,,,,,,,,,,,,,,,,,,3.3,15.9,11.9,11.9,11.9,11.9,11.9,11.9,11.9,11.9,11.9,16.6
Middle income,MIC,Terrestrial protected areas (% of total land area),ER.LND.PTLD.ZS,,,,,,,,,,,,,,,,,,,,,,,,,,,,,,,,,,,,,,,,,,,,,,,,,,,,,,15.1862314,16.15481422,15.68128054,15.80226382,15.83800102,15.59067347,15.77980855,15.8767408,16.15713345,16.18286276,16.3913017,16.64769241
North Macedonia,MKD,Terrestrial protected areas (% of total land area),ER.LND.PTLD.ZS,,,,,,,,,,,,,,,,,,,,,,,,,,,,,,,,,,,,,,,,,,,,,,,,,,,,,,9.7,9.7,9.7,9.7,9.7,9.7,10.6,9,12.5,15.4,15.4,28.2
Mali,MLI,Terrestrial protected areas (% of total land area),ER.LND.PTLD.ZS,,,,,,,,,,,,,,,,,,,,,,,,,,,,,,,,,,,,,,,,,,,,,,,,,,,,,,9.1,8.3,8.3,8.2,8.2,8.2,8.2,7.5,7.5,7.5,7.5,7.5
Malta,MLT,Terrestrial protected areas (% of total land area),ER.LND.PTLD.ZS,,,,,,,,,,,,,,,,,,,,,,,,,,,,,,,,,,,,,,,,,,,,,,,,,,,,,,23,23.2,23.2,24.1,30.3,30.3,30.2,30.6,30.6,30.6,30.6,28.9
Myanmar,MMR,Terrestrial protected areas (% of total land area),ER.LND.PTLD.ZS,,,,,,,,,,,,,,,,,,,,,,,,,,,,,,,,,,,,,,,,,,,,,,,,,,,,,,7.2,7.1,7.1,7.2,7.2,6.4,6.4,6.6,6.6,6.6,6.6,6.6
"Middle East, North Africa, Afghanistan & Pakistan (excluding high income)",MNA,Terrestrial protected areas (% of total land area),ER.LND.PTLD.ZS,,,,,,,,,,,,,,,,,,,,,,,,,,,,,,,,,,,,,,,,,,,,,,,,,,,,,,5.622757344,9.73898304,6.85358199,7.133780809,7.135499338,7.135499338,7.147428724,5.579948232,5.491701112,5.491701112,5.492713112,6.114458761
Montenegro,MNE,Terrestrial protected areas (% of total land area),ER.LND.PTLD.ZS,,,,,,,,,,,,,,,,,,,,,,,,,,,,,,,,,,,,,,,,,,,,,,,,,,,,,,14.6,4.1,4.1,4.1,6.4,6.4,10.5,13.8,13.8,13.9,13.9,21.7
Mongolia,MNG,Terrestrial protected areas (% of total land area),ER.LND.PTLD.ZS,,,,,,,,,,,,,,,,,,,,,,,,,,,,,,,,,,,,,,,,,,,,,,,,,,,,,,13.8,17.4,17.4,17.4,17.7,17.7,17.7,19.8,19.8,19.8,19.8,19.8
Northern Mariana Islands,MNP,Terrestrial protected areas (% of total land area),ER.LND.PTLD.ZS,,,,,,,,,,,,,,,,,,,,,,,,,,,,,,,,,,,,,,,,,,,,,,,,,,,,,,3.4,100,7.6,7.7,7.7,7.7,7.7,7.7,7.7,7.7,2.8,2.8
Mozambique,MOZ,Terrestrial protected areas (% of total land area),ER.LND.PTLD.ZS,,,,,,,,,,,,,,,,,,,,,,,,,,,,,,,,,,,,,,,,,,,,,,,,,,,,,,18,17.2,19.3,21.6,21.6,21.6,21.6,29.5,29.5,29.5,29.5,29.5
Mauritania,MRT,Terrestrial protected areas (% of total land area),ER.LND.PTLD.ZS,,,,,,,,,,,,,,,,,,,,,,,,,,,,,,,,,,,,,,,,,,,,,,,,,,,,,,0.6,0.6,0.6,0.6,0.6,0.6,0.6,0.6,0.6,0.6,0.6,0.6
Mauritius,MUS,Terrestrial protected areas (% of total land area),ER.LND.PTLD.ZS,,,,,,,,,,,,,,,,,,,,,,,,,,,,,,,,,,,,,,,,,,,,,,,,,,,,,,4.5,4.5,4.7,4.7,4.7,4.7,4.7,4.7,4.7,4.7,4.7,5
Malawi,MWI,Terrestrial protected areas (% of total land area),ER.LND.PTLD.ZS,,,,,,,,,,,,,,,,,,,,,,,,,,,,,,,,,,,,,,,,,,,,,,,,,,,,,,16.9,16.9,16.9,16.9,17.4,22.9,22.9,22.9,22.9,22.9,22.9,23.1
Malaysia,MYS,Terrestrial protected areas (% of total land area),ER.LND.PTLD.ZS,,,,,,,,,,,,,,,,,,,,,,,,,,,,,,,,,,,,,,,,,,,,,,,,,,,,,,19.1,19.1,19.1,19.1,19.1,19.1,19.1,13.3,13.3,13.3,13.3,13.3
North America,NAC,Terrestrial protected areas (% of total land area),ER.LND.PTLD.ZS,,,,,,,,,,,,,,,,,,,,,,,,,,,,,,,,,,,,,,,,,,,,,,,,,,,,,,11.44980017,11.20577474,11.1545802,11.31055328,11.55456492,11.25934495,11.97606853,10.82726754,12.4368194,12.84637574,12.84876519,12.89996048
Namibia,NAM,Terrestrial protected areas (% of total land area),ER.LND.PTLD.ZS,,,,,,,,,,,,,,,,,,,,,,,,,,,,,,,,,,,,,,,,,,,,,,,,,,,,,,44,37.9,37.9,37.9,37.9,37.9,37.9,37.9,37.9,37.9,39.9,39.9
New Caledonia,NCL,Terrestrial protected areas (% of total land area),ER.LND.PTLD.ZS,,,,,,,,,,,,,,,,,,,,,,,,,,,,,,,,,,,,,,,,,,,,,,,,,,,,,,52.9,52.6,54.6,54.4,54,54.4,59.7,59.7,59.7,59.7,59.7,59.6
Niger,NER,Terrestrial protected areas (% of total land area),ER.LND.PTLD.ZS,,,,,,,,,,,,,,,,,,,,,,,,,,,,,,,,,,,,,,,,,,,,,,,,,,,,,,16.7,17.3,17.3,17.3,17.3,17.3,17.3,18.2,18.2,18.2,18.2,18.2
Nigeria,NGA,Terrestrial protected areas (% of total land area),ER.LND.PTLD.ZS,,,,,,,,,,,,,,,,,,,,,,,,,,,,,,,,,,,,,,,,,,,,,,,,,,,,,,13.9,13.9,13.9,13.9,13.9,13.9,13.9,13.9,13.9,13.9,13.9,13.9
Nicaragua,NIC,Terrestrial protected areas (% of total land area),ER.LND.PTLD.ZS,,,,,,,,,,,,,,,,,,,,,,,,,,,,,,,,,,,,,,,,,,,,,,,,,,,,,,37.2,37.2,37.2,37.2,37.2,37.2,37.2,21.3,21.3,21.3,21.3,21.2
Netherlands,NLD,Terrestrial protected areas (% of total land area),ER.LND.PTLD.ZS,,,,,,,,,,,,,,,,,,,,,,,,,,,,,,,,,,,,,,,,,,,,,,,,,,,,,,17.6,11.4,11.3,11.3,11.2,11.2,22.5,22.5,22.5,22.5,22.5,22.9
Norway,NOR,Terrestrial protected areas (% of total land area),ER.LND.PTLD.ZS,,,,,,,,,,,,,,,,,,,,,,,,,,,,,,,,,,,,,,,,,,,,,,,,,,,,,,16.8,16.9,16.9,17,17.1,17.1,16.8,17.6,29.9,30.5,17.7,17.8
Nepal,NPL,Terrestrial protected areas (% of total land area),ER.LND.PTLD.ZS,,,,,,,,,,,,,,,,,,,,,,,,,,,,,,,,,,,,,,,,,,,,,,,,,,,,,,17.2,23.5,23.4,23.6,23.6,23.6,23.6,23.6,23.6,23.6,23.6,23.6
Nauru,NRU,Terrestrial protected areas (% of total land area),ER.LND.PTLD.ZS,,,,,,,,,,,,,,,,,,,,,,,,,,,,,,,,,,,,,,,,,,,,,,,,,,,,,,,,,,,,,,0,0,0,0
New Zealand,NZL,Terrestrial protected areas (% of total land area),ER.LND.PTLD.ZS,,,,,,,,,,,,,,,,,,,,,,,,,,,,,,,,,,,,,,,,,,,,,,,,,,,,,,27.3,32.5,32.5,32.5,32.5,32.8,32.8,33.4,33.4,33.4,33.4,33.4
OECD members,OED,Terrestrial protected areas (% of total land area),ER.LND.PTLD.ZS,,,,,,,,,,,,,,,,,,,,,,,,,,,,,,,,,,,,,,,,,,,,,,,,,,,,,,13.89134022,14.10558408,13.81522797,14.61516805,15.24885582,15.10785276,15.55336042,15.23608054,16.35999082,16.59219829,16.4811382,16.93716604
Oman,OMN,Terrestrial protected areas (% of total land area),ER.LND.PTLD.ZS,,,,,,,,,,,,,,,,,,,,,,,,,,,,,,,,,,,,,,,,,,,,,,,,,,,,,,10.6,2.6,2.6,2.6,2.6,2.6,2.6,2.6,3.6,3.6,3.9,22
Other small states,OSS,Terrestrial protected areas (% of total land area),ER.LND.PTLD.ZS,,,,,,,,,,,,,,,,,,,,,,,,,,,,,,,,,,,,,,,,,,,,,,,,,,,,,,18.00009065,19.02826205,19.13341991,19.656795,20.07349954,20.68340842,21.63370367,22.44967262,22.61484506,22.81816317,22.81816317,23.69153689
Pakistan,PAK,Terrestrial protected areas (% of total land area),ER.LND.PTLD.ZS,,,,,,,,,,,,,,,,,,,,,,,,,,,,,,,,,,,,,,,,,,,,,,,,,,,,,,12.3,12.3,12.3,12.3,12.3,12.3,12.3,12.3,12.3,12.3,12.3,19.2
Panama,PAN,Terrestrial protected areas (% of total land area),ER.LND.PTLD.ZS,,,,,,,,,,,,,,,,,,,,,,,,,,,,,,,,,,,,,,,,,,,,,,,,,,,,,,20.9,20.9,20.9,20.9,20.9,20.9,20.9,31.9,31.4,31.4,31.4,31.4
Peru,PER,Terrestrial protected areas (% of total land area),ER.LND.PTLD.ZS,,,,,,,,,,,,,,,,,,,,,,,,,,,,,,,,,,,,,,,,,,,,,,,,,,,,,,31.3,31.5,31.5,21.3,21.3,21.3,21.5,21.6,22.3,22.5,22.5,22.5
Philippines,PHL,Terrestrial protected areas (% of total land area),ER.LND.PTLD.ZS,,,,,,,,,,,,,,,,,,,,,,,,,,,,,,,,,,,,,,,,,,,,,,,,,,,,,,10.9,15.3,15.3,15.3,15.3,15.3,15.4,15.4,15.9,15.9,15.9,16
Palau,PLW,Terrestrial protected areas (% of total land area),ER.LND.PTLD.ZS,,,,,,,,,,,,,,,,,,,,,,,,,,,,,,,,,,,,,,,,,,,,,,,,,,,,,,16,24.9,24.9,28,28,28,44.2,44.2,44.2,44.2,44.2,31.4
Papua New Guinea,PNG,Terrestrial protected areas (% of total land area),ER.LND.PTLD.ZS,,,,,,,,,,,,,,,,,,,,,,,,,,,,,,,,,,,,,,,,,,,,,,,,,,,,,,3.1,3.1,3.1,3.1,3.1,3.1,3.7,3.7,3.7,3.7,3.7,3.7
Poland,POL,Terrestrial protected areas (% of total land area),ER.LND.PTLD.ZS,,,,,,,,,,,,,,,,,,,,,,,,,,,,,,,,,,,,,,,,,,,,,,,,,,,,,,35.4,30,30,39.6,39.7,39.7,39.7,39.5,39.5,39.6,39.6,39.6
Pre-demographic dividend,PRE,Terrestrial protected areas (% of total land area),ER.LND.PTLD.ZS,,,,,,,,,,,,,,,,,,,,,,,,,,,,,,,,,,,,,,,,,,,,,,,,,,,,,,14.1920596,13.57764554,13.65441506,14.23895113,14.44462704,14.48581008,14.172534,14.66452347,14.68060429,14.69679907,14.99111597,15.21033215
Puerto Rico (US),PRI,Terrestrial protected areas (% of total land area),ER.LND.PTLD.ZS,,,,,,,,,,,,,,,,,,,,,,,,,,,,,,,,,,,,,,,,,,,,,,,,,,,,,,8,7.4,7.4,7.3,7.3,7.3,7.3,7.2,7.4,7.4,6.7,6.6
"Korea, Dem. People's Rep.",PRK,Terrestrial protected areas (% of total land area),ER.LND.PTLD.ZS,,,,,,,,,,,,,,,,,,,,,,,,,,,,,,,,,,,,,,,,,,,,,,,,,,,,,,2.4,2.4,2.4,2.4,2.4,2.4,2.4,2.4,2.4,2.4,2.4,2.4
Portugal,PRT,Terrestrial protected areas (% of total land area),ER.LND.PTLD.ZS,,,,,,,,,,,,,,,,,,,,,,,,,,,,,,,,,,,,,,,,,,,,,,,,,,,,,,23.1,22.2,22.7,23,22.9,22.9,22.9,22.9,22.9,22.9,22.9,22.8
Paraguay,PRY,Terrestrial protected areas (% of total land area),ER.LND.PTLD.ZS,,,,,,,,,,,,,,,,,,,,,,,,,,,,,,,,,,,,,,,,,,,,,,,,,,,,,,6.5,6.5,6.5,6.5,6.5,14.3,14.3,14.3,14.3,14.3,14.3,14.9
West Bank and Gaza,PSE,Terrestrial protected areas (% of total land area),ER.LND.PTLD.ZS,,,,,,,,,,,,,,,,,,,,,,,,,,,,,,,,,,,,,,,,,,,,,,,,,,,,,,,,,,8.4,8.4,8.4,8.4,8.4,8.4,10,10
Pacific island small states,PSS,Terrestrial protected areas (% of total land area),ER.LND.PTLD.ZS,,,,,,,,,,,,,,,,,,,,,,,,,,,,,,,,,,,,,,,,,,,,,,,,,,,,,,3.994456463,4.112363081,4.380401804,4.355537218,4.37705106,4.37705106,4.293488976,4.332213891,4.33074577,4.417522871,4.417522871,4.091166106
Post-demographic dividend,PST,Terrestrial protected areas (% of total land area),ER.LND.PTLD.ZS,,,,,,,,,,,,,,,,,,,,,,,,,,,,,,,,,,,,,,,,,,,,,,,,,,,,,,13.36520272,13.69870333,13.69708509,14.44411463,15.15554235,14.97270649,15.44153412,15.00875202,16.30102173,16.57277411,16.44741495,16.94085864
French Polynesia,PYF,Terrestrial protected areas (% of total land area),ER.LND.PTLD.ZS,,,,,,,,,,,,,,,,,,,,,,,,,,,,,,,,,,,,,,,,,,,,,,,,,,,,,,1.1,2,2,2,2,2,2,2,2,2,2,1.8
Qatar,QAT,Terrestrial protected areas (% of total land area),ER.LND.PTLD.ZS,,,,,,,,,,,,,,,,,,,,,,,,,,,,,,,,,,,,,,,,,,,,,,,,,,,,,,2.4,2.4,2.4,2.4,13.2,13.2,13.2,15.8,15.8,15.8,15.8,15.6
Romania,ROU,Terrestrial protected areas (% of total land area),ER.LND.PTLD.ZS,,,,,,,,,,,,,,,,,,,,,,,,,,,,,,,,,,,,,,,,,,,,,,,,,,,,,,19.4,24.2,24.4,24.3,24.5,24.5,24.5,24.5,24.5,24.5,24.5,24.6
Russian Federation,RUS,Terrestrial protected areas (% of total land area),ER.LND.PTLD.ZS,,,,,,,,,,,,,,,,,,,,,,,,,,,,,,,,,,,,,,,,,,,,,,,,,,,,,,11.4,9.7,9.7,9.7,9.7,9.7,9.7,11.5,11.5,11.5,11.4,11.5
Rwanda,RWA,Terrestrial protected areas (% of total land area),ER.LND.PTLD.ZS,,,,,,,,,,,,,,,,,,,,,,,,,,,,,,,,,,,,,,,,,,,,,,,,,,,,,,10.7,9.6,8.8,9.1,9.1,9.1,9.1,9.1,9.1,9.1,9.1,9.1
South Asia,SAS,Terrestrial protected areas (% of total land area),ER.LND.PTLD.ZS,,,,,,,,,,,,,,,,,,,,,,,,,,,,,,,,,,,,,,,,,,,,,,,,,,,,,,6.909416872,7.419074575,7.632591836,7.641140006,7.641148823,7.641148823,7.641148823,7.660889403,8.989558212,8.989558212,8.989558212,9.174435849
Saudi Arabia,SAU,Terrestrial protected areas (% of total land area),ER.LND.PTLD.ZS,,,,,,,,,,,,,,,,,,,,,,,,,,,,,,,,,,,,,,,,,,,,,,,,,,,,,,31.3,31.3,31.3,4.3,4.8,4.8,4.8,4.8,4.8,4.8,15.6,18.5
Sudan,SDN,Terrestrial protected areas (% of total land area),ER.LND.PTLD.ZS,,,,,,,,,,,,,,,,,,,,,,,,,,,,,,,,,,,,,,,,,,,,,,,,,,,,,,2.3,2,2,2.3,2.3,2.3,2.3,2.3,2.3,2.3,2.3,2.3
Senegal,SEN,Terrestrial protected areas (% of total land area),ER.LND.PTLD.ZS,,,,,,,,,,,,,,,,,,,,,,,,,,,,,,,,,,,,,,,,,,,,,,,,,,,,,,25.2,25.2,25.2,25.2,25.2,25.4,25.4,25.4,26.4,26.4,26.4,26.3
Singapore,SGP,Terrestrial protected areas (% of total land area),ER.LND.PTLD.ZS,,,,,,,,,,,,,,,,,,,,,,,,,,,,,,,,,,,,,,,,,,,,,,,,,,,,,,5.4,5.8,5.6,5.6,5.6,5.6,5.6,5.6,5.6,5.6,5.6,4.6
Solomon Islands,SLB,Terrestrial protected areas (% of total land area),ER.LND.PTLD.ZS,,,,,,,,,,,,,,,,,,,,,,,,,,,,,,,,,,,,,,,,,,,,,,,,,,,,,,2.2,2.2,2.2,2.2,2.2,2.2,1.8,1.8,1.8,2,2,2.4
Sierra Leone,SLE,Terrestrial protected areas (% of total land area),ER.LND.PTLD.ZS,,,,,,,,,,,,,,,,,,,,,,,,,,,,,,,,,,,,,,,,,,,,,,,,,,,,,,9.4,9.4,9.4,9.4,9.4,9.4,9.4,9.4,12.7,12.7,12.7,12.6
El Salvador,SLV,Terrestrial protected areas (% of total land area),ER.LND.PTLD.ZS,,,,,,,,,,,,,,,,,,,,,,,,,,,,,,,,,,,,,,,,,,,,,,,,,,,,,,8.4,8.4,8.8,8.8,8.8,8.8,8.8,8.6,8.6,8.6,8.6,8.3
San Marino,SMR,Terrestrial protected areas (% of total land area),ER.LND.PTLD.ZS,,,,,,,,,,,,,,,,,,,,,,,,,,,,,,,,,,,,,,,,,,,,,,,,,,,,,,,,,,,,,,,,,
Somalia,SOM,Terrestrial protected areas (% of total land area),ER.LND.PTLD.ZS,,,,,,,,,,,,,,,,,,,,,,,,,,,,,,,,,,,,,,,,,,,,,,,,,,,,,,,,,0.83,,,0,0,0,0,0,0
Serbia,SRB,Terrestrial protected areas (% of total land area),ER.LND.PTLD.ZS,,,,,,,,,,,,,,,,,,,,,,,,,,,,,,,,,,,,,,,,,,,,,,,,,,,,,,7.4,6.7,6.7,6.6,6.6,6.6,7.6,7.6,7.6,8.1,8.1,13.4
Sub-Saharan Africa (excluding high income),SSA,Terrestrial protected areas (% of total land area),ER.LND.PTLD.ZS,,,,,,,,,,,,,,,,,,,,,,,,,,,,,,,,,,,,,,,,,,,,,,,,,,,,,,16.237117,15.53519219,15.72900655,16.40912966,16.61905352,16.32249037,16.00671338,16.36192111,16.38154657,16.42774749,16.80770335,17.0224989
South Sudan,SSD,Terrestrial protected areas (% of total land area),ER.LND.PTLD.ZS,,,,,,,,,,,,,,,,,,,,,,,,,,,,,,,,,,,,,,,,,,,,,,,,,,,,,,20,15.5,15.5,15.5,15.5,15.5,15.5,15.5,15.5,15.5,15.5,15.4
Sub-Saharan Africa,SSF,Terrestrial protected areas (% of total land area),ER.LND.PTLD.ZS,,,,,,,,,,,,,,,,,,,,,,,,,,,,,,,,,,,,,,,,,,,,,,,,,,,,,,16.34641779,15.67824615,15.86274063,16.51015894,16.70998828,16.38442645,16.08195652,16.3505686,16.41139692,16.45543462,16.81760018,17.02247102
Small states,SST,Terrestrial protected areas (% of total land area),ER.LND.PTLD.ZS,,,,,,,,,,,,,,,,,,,,,,,,,,,,,,,,,,,,,,,,,,,,,,,,,,,,,,13.98346244,14.4125718,14.79243873,14.99177669,15.245796,15.47401611,15.77256002,16.07638787,16.13696937,16.22073644,16.22073644,16.50137898
Sao Tome and Principe,STP,Terrestrial protected areas (% of total land area),ER.LND.PTLD.ZS,,,,,,,,,,,,,,,,,,,,,,,,,,,,,,,,,,,,,,,,,,,,,,,,,,,,,,0,0,29.3,29.3,29.3,29.3,29.3,29.3,29.3,29.3,29.3,31.7
Suriname,SUR,Terrestrial protected areas (% of total land area),ER.LND.PTLD.ZS,,,,,,,,,,,,,,,,,,,,,,,,,,,,,,,,,,,,,,,,,,,,,,,,,,,,,,14.5,14.5,14.5,14.5,14.5,14.5,14.5,14.5,14.5,14.5,14.5,14.8
Slovak Republic,SVK,Terrestrial protected areas (% of total land area),ER.LND.PTLD.ZS,,,,,,,,,,,,,,,,,,,,,,,,,,,,,,,,,,,,,,,,,,,,,,,,,,,,,,35.9,36.8,36.8,37.3,37.3,37.6,37.6,37.6,37.6,37.6,37.6,37.5
Slovenia,SVN,Terrestrial protected areas (% of total land area),ER.LND.PTLD.ZS,,,,,,,,,,,,,,,,,,,,,,,,,,,,,,,,,,,,,,,,,,,,,,,,,,,,,,54.9,53.6,53.6,53.6,53.6,53.6,53.6,40.4,40.4,40.4,40.4,40.5
Sweden,SWE,Terrestrial protected areas (% of total land area),ER.LND.PTLD.ZS,,,,,,,,,,,,,,,,,,,,,,,,,,,,,,,,,,,,,,,,,,,,,,,,,,,,,,14.6,14.8,14.9,14.5,14.9,14.9,14.4,14.5,14.5,15.4,15.4,15.5
Eswatini,SWZ,Terrestrial protected areas (% of total land area),ER.LND.PTLD.ZS,,,,,,,,,,,,,,,,,,,,,,,,,,,,,,,,,,,,,,,,,,,,,,,,,,,,,,3,4,4,4.1,4.1,4.2,4.3,4.3,4.3,4.3,4.3,4.2
Sint Maarten (Dutch part),SXM,Terrestrial protected areas (% of total land area),ER.LND.PTLD.ZS,,,,,,,,,,,,,,,,,,,,,,,,,,,,,,,,,,,,,,,,,,,,,,,,,,,,,,,,,0,0,0,0,0,0.7,0.7,0.7,0.8
Seychelles,SYC,Terrestrial protected areas (% of total land area),ER.LND.PTLD.ZS,,,,,,,,,,,,,,,,,,,,,,,,,,,,,,,,,,,,,,,,,,,,,,,,,,,,,,42.1,42.1,42.1,42.1,42.1,42.1,49.6,61.5,61.5,61.5,61.5,68.1
Syrian Arab Republic,SYR,Terrestrial protected areas (% of total land area),ER.LND.PTLD.ZS,,,,,,,,,,,,,,,,,,,,,,,,,,,,,,,,,,,,,,,,,,,,,,,,,,,,,,0.7,0.7,0.7,0.7,0.7,0.7,0.7,0.7,0.7,0.7,0.7,0.7
Turks and Caicos Islands,TCA,Terrestrial protected areas (% of total land area),ER.LND.PTLD.ZS,,,,,,,,,,,,,,,,,,,,,,,,,,,,,,,,,,,,,,,,,,,,,,,,,,,,,,44.4,44.4,44.4,44.4,44.4,44.4,44.4,44.4,44.4,44.4,44.4,43.5
Chad,TCD,Terrestrial protected areas (% of total land area),ER.LND.PTLD.ZS,,,,,,,,,,,,,,,,,,,,,,,,,,,,,,,,,,,,,,,,,,,,,,,,,,,,,,18.6,18.6,18.6,20.4,20.4,20.4,20.4,21,21,21,21,21
East Asia & Pacific (IDA & IBRD countries),TEA,Terrestrial protected areas (% of total land area),ER.LND.PTLD.ZS,,,,,,,,,,,,,,,,,,,,,,,,,,,,,,,,,,,,,,,,,,,,,,,,,,,,,,15.41520055,15.54074722,15.57658407,15.58483954,15.61438465,14.7360118,14.75784553,15.02804221,15.03738745,15.03775352,15.04210389,15.01378359
Europe & Central Asia (IDA & IBRD countries),TEC,Terrestrial protected areas (% of total land area),ER.LND.PTLD.ZS,,,,,,,,,,,,,,,,,,,,,,,,,,,,,,,,,,,,,,,,,,,,,,,,,,,,,,10.16978806,8.883260787,8.888508136,9.012223043,9.016879911,9.016879911,9.057304951,11.17504531,11.6749828,11.6876667,11.68677056,12.02106264
Togo,TGO,Terrestrial protected areas (% of total land area),ER.LND.PTLD.ZS,,,,,,,,,,,,,,,,,,,,,,,,,,,,,,,,,,,,,,,,,,,,,,,,,,,,,,27.8,27.6,27.6,27.6,27.6,27.6,27.6,28,28,28,28,28.1
Thailand,THA,Terrestrial protected areas (% of total land area),ER.LND.PTLD.ZS,,,,,,,,,,,,,,,,,,,,,,,,,,,,,,,,,,,,,,,,,,,,,,,,,,,,,,18.9,18.8,18.8,18.8,18.8,18.8,18.8,18.5,18.5,18.5,18.5,18.4
Tajikistan,TJK,Terrestrial protected areas (% of total land area),ER.LND.PTLD.ZS,,,,,,,,,,,,,,,,,,,,,,,,,,,,,,,,,,,,,,,,,,,,,,,,,,,,,,19.7,22.3,22.3,22.3,22.3,22.3,22.3,22.3,22.3,22.3,22.3,22.6
Turkmenistan,TKM,Terrestrial protected areas (% of total land area),ER.LND.PTLD.ZS,,,,,,,,,,,,,,,,,,,,,,,,,,,,,,,,,,,,,,,,,,,,,,,,,,,,,,3.3,3.2,3.2,3.2,3.2,3.2,3.2,3.2,3.2,3.2,3.2,4.3
Latin America & the Caribbean (IDA & IBRD countries),TLA,Terrestrial protected areas (% of total land area),ER.LND.PTLD.ZS,,,,,,,,,,,,,,,,,,,,,,,,,,,,,,,,,,,,,,,,,,,,,,,,,,,,,,22.32200141,23.79774656,23.51596263,23.16581918,23.16796174,23.45574643,23.92641522,24.14411957,24.19935785,24.22532007,24.35260749,24.49213262
Timor-Leste,TLS,Terrestrial protected areas (% of total land area),ER.LND.PTLD.ZS,,,,,,,,,,,,,,,,,,,,,,,,,,,,,,,,,,,,,,,,,,,,,,,,,,,,,,8.7,8.7,8.7,13.1,13.1,13.1,16,16,16,16,16,16.1
"Middle East, North Africa, Afghanistan & Pakistan (IDA & IBRD)",TMN,Terrestrial protected areas (% of total land area),ER.LND.PTLD.ZS,,,,,,,,,,,,,,,,,,,,,,,,,,,,,,,,,,,,,,,,,,,,,,,,,,,,,,5.622757344,9.73898304,6.85358199,7.133780809,7.134699035,7.134699035,7.146635971,5.57816342,5.489860448,5.489860448,5.489860448,6.1119996
Tonga,TON,Terrestrial protected areas (% of total land area),ER.LND.PTLD.ZS,,,,,,,,,,,,,,,,,,,,,,,,,,,,,,,,,,,,,,,,,,,,,,,,,,,,,,15.9,15.9,15.9,15.9,15.9,15.9,12.6,12.6,12.6,12.6,12.6,13.3
South Asia (IDA & IBRD),TSA,Terrestrial protected areas (% of total land area),ER.LND.PTLD.ZS,,,,,,,,,,,,,,,,,,,,,,,,,,,,,,,,,,,,,,,,,,,,,,,,,,,,,,6.909416872,7.419074575,7.632591836,7.641140006,7.641148823,7.641148823,7.641148823,7.660889403,8.989558212,8.989558212,8.989558212,9.174435849
Sub-Saharan Africa (IDA & IBRD countries),TSS,Terrestrial protected areas (% of total land area),ER.LND.PTLD.ZS,,,,,,,,,,,,,,,,,,,,,,,,,,,,,,,,,,,,,,,,,,,,,,,,,,,,,,16.34641779,15.67824615,15.86274063,16.51015894,16.70998828,16.38442645,16.08195652,16.3505686,16.41139692,16.45543462,16.81760018,17.02247102
Trinidad and Tobago,TTO,Terrestrial protected areas (% of total land area),ER.LND.PTLD.ZS,,,,,,,,,,,,,,,,,,,,,,,,,,,,,,,,,,,,,,,,,,,,,,,,,,,,,,32.1,32.1,30.6,30.6,30.6,30.6,30.6,30.6,30.6,30.6,30.6,30.6
Tunisia,TUN,Terrestrial protected areas (% of total land area),ER.LND.PTLD.ZS,,,,,,,,,,,,,,,,,,,,,,,,,,,,,,,,,,,,,,,,,,,,,,,,,,,,,,5.4,5.4,5.4,7.9,7.9,7.9,7.9,7.9,7.9,7.9,7.9,7.9
Turkiye,TUR,Terrestrial protected areas (% of total land area),ER.LND.PTLD.ZS,,,,,,,,,,,,,,,,,,,,,,,,,,,,,,,,,,,,,,,,,,,,,,,,,,,,,,2.5,0.2,0.2,0.2,0.2,0.2,0.2,0.2,7,7,7,7
Tuvalu,TUV,Terrestrial protected areas (% of total land area),ER.LND.PTLD.ZS,,,,,,,,,,,,,,,,,,,,,,,,,,,,,,,,,,,,,,,,,,,,,,,,,,,,,,2,2,2,2,2,2,13.2,13.2,13.2,13.2,13.2,20.2
Tanzania,TZA,Terrestrial protected areas (% of total land area),ER.LND.PTLD.ZS,,,,,,,,,,,,,,,,,,,,,,,,,,,,,,,,,,,,,,,,,,,,,,,,,,,,,,31.9,31.9,31.9,38.1,38.1,38.2,38.2,38.2,38.2,38.4,39.9,40
Uganda,UGA,Terrestrial protected areas (% of total land area),ER.LND.PTLD.ZS,,,,,,,,,,,,,,,,,,,,,,,,,,,,,,,,,,,,,,,,,,,,,,,,,,,,,,16.1,16.1,16.1,16.1,16.1,16.1,16.1,16.1,16.1,16.1,16.1,16.1
Ukraine,UKR,Terrestrial protected areas (% of total land area),ER.LND.PTLD.ZS,,,,,,,,,,,,,,,,,,,,,,,,,,,,,,,,,,,,,,,,,,,,,,,,,,,,,,4,4,4,4,4,4,4,4.3,13,13,13,16.8
Upper middle income,UMC,Terrestrial protected areas (% of total land area),ER.LND.PTLD.ZS,,,,,,,,,,,,,,,,,,,,,,,,,,,,,,,,,,,,,,,,,,,,,,,,,,,,,,15.07580473,15.67216953,15.47331557,15.46528419,15.49057209,15.15651457,15.35146628,15.71405041,16.01106998,16.04618374,16.10507276,16.297957
Uruguay,URY,Terrestrial protected areas (% of total land area),ER.LND.PTLD.ZS,,,,,,,,,,,,,,,,,,,,,,,,,,,,,,,,,,,,,,,,,,,,,,,,,,,,,,2.7,2.7,2.7,3.4,3.4,3.4,3.6,3.7,3.7,3.7,3.7,3.1
United States,USA,Terrestrial protected areas (% of total land area),ER.LND.PTLD.ZS,,,,,,,,,,,,,,,,,,,,,,,,,,,,,,,,,,,,,,,,,,,,,,,,,,,,,,13.6,13.1,13.1,13,13.5,13,13,11.8,13,13,12.9,12.9
Uzbekistan,UZB,Terrestrial protected areas (% of total land area),ER.LND.PTLD.ZS,,,,,,,,,,,,,,,,,,,,,,,,,,,,,,,,,,,,,,,,,,,,,,,,,,,,,,3.4,3.4,3.4,3.4,3.4,3.4,3.4,5.8,5.8,5.8,9.5,9.5
St. Vincent and the Grenadines,VCT,Terrestrial protected areas (% of total land area),ER.LND.PTLD.ZS,,,,,,,,,,,,,,,,,,,,,,,,,,,,,,,,,,,,,,,,,,,,,,,,,,,,,,10.9,22.4,22.4,22.4,22.4,22.4,22.4,22.4,22.4,22.4,22.4,22.6
"Venezuela, RB",VEN,Terrestrial protected areas (% of total land area),ER.LND.PTLD.ZS,,,,,,,,,,,,,,,,,,,,,,,,,,,,,,,,,,,,,,,,,,,,,,,,,,,,,,54.1,54.1,54.1,54.1,54.1,54.1,54.1,56.9,56.9,56.9,56.9,56.8
British Virgin Islands,VGB,Terrestrial protected areas (% of total land area),ER.LND.PTLD.ZS,,,,,,,,,,,,,,,,,,,,,,,,,,,,,,,,,,,,,,,,,,,,,,,,,,,,,,5,8.8,8.8,8.8,9.1,9.1,9.1,9.1,9.1,9.1,9.1,10.5
Virgin Islands (U.S.),VIR,Terrestrial protected areas (% of total land area),ER.LND.PTLD.ZS,,,,,,,,,,,,,,,,,,,,,,,,,,,,,,,,,,,,,,,,,,,,,,,,,,,,,,14.9,14.6,14.6,13.8,13.8,13.8,13.8,13.3,14.4,14.4,14.4,13.3
Viet Nam,VNM,Terrestrial protected areas (% of total land area),ER.LND.PTLD.ZS,,,,,,,,,,,,,,,,,,,,,,,,,,,,,,,,,,,,,,,,,,,,,,,,,,,,,,6.5,6.5,7.6,7.6,7.6,7.6,7.6,7.6,7.6,7.6,7.6,7.6
Vanuatu,VUT,Terrestrial protected areas (% of total land area),ER.LND.PTLD.ZS,,,,,,,,,,,,,,,,,,,,,,,,,,,,,,,,,,,,,,,,,,,,,,,,,,,,,,4.2,4.2,4.2,4.2,4.2,4.2,4.2,4.2,4.2,4.2,4.2,4.2
World,WLD,Terrestrial protected areas (% of total land area),ER.LND.PTLD.ZS,,,,,,,,,,,,,,,,,,,,,,,,,,,,,,,,,,,,,,,,,,,,,,,,,,,,,,14.95060425,15.21324036,15.0035193,14.90411998,15.12885809,14.96699344,15.11176404,15.37692139,15.79431175,15.86732589,16.07808307,16.44425513
Samoa,WSM,Terrestrial protected areas (% of total land area),ER.LND.PTLD.ZS,,,,,,,,,,,,,,,,,,,,,,,,,,,,,,,,,,,,,,,,,,,,,,,,,,,,,,6.8,6.8,6.8,6.8,7.3,7.3,7.3,8.2,8.2,8.2,8.2,7.8
Kosovo,XKX,Terrestrial protected areas (% of total land area),ER.LND.PTLD.ZS,,,,,,,,,,,,,,,,,,,,,,,,,,,,,,,,,,,,,,,,,,,,,,,,,,,,,,,,,,,,,,,,,
"Yemen, Rep.",YEM,Terrestrial protected areas (% of total land area),ER.LND.PTLD.ZS,,,,,,,,,,,,,,,,,,,,,,,,,,,,,,,,,,,,,,,,,,,,,,,,,,,,,,0.8,0.8,0.8,0.8,0.8,0.8,0.8,0.8,0.8,0.8,0.8,1.1
South Africa,ZAF,Terrestrial protected areas (% of total land area),ER.LND.PTLD.ZS,,,,,,,,,,,,,,,,,,,,,,,,,,,,,,,,,,,,,,,,,,,,,,,,,,,,,,7,8.9,11.2,14.1,14.1,8,8.3,8.6,8.7,9.3,9.3,9.5
Zambia,ZMB,Terrestrial protected areas (% of total land area),ER.LND.PTLD.ZS,,,,,,,,,,,,,,,,,,,,,,,,,,,,,,,,,,,,,,,,,,,,,,,,,,,,,,38,38,38,38,37.9,37.9,41.3,41.3,41.3,41.3,41.3,41.3
Zimbabwe,ZWE,Terrestrial protected areas (% of total land area),ER.LND.PTLD.ZS,,,,,,,,,,,,,,,,,,,,,,,,,,,,,,,,,,,,,,,,,,,,,,,,,,,,,,28.1,26.7,26.7,27.2,27.2,27.2,27.2,27.2,27.2,27.2,28.3,28.3
